household_id,department,area,is_rural,household_size,has_children_u5,num_children_u5,has_elderly,num_elderly,dependency_ratio,head_gender,is_female_head,head_education,sisfoh_poverty_score,poverty_status,monthly_total_exp,monthly_income,subsistence_food_exp,capacity_to_pay,has_chronic_disease,chronic_disease_count,has_acute_illness_4w,had_hospitalization,insurance_status,treatment_sis,oope_total,oope_medicines,oope_consultations,oope_diagnostics,oope_hospitalization,oope_share_total_exp,oope_share_capacity,che_10,che_25,che_40_capacity,impoverished_by_health,income_quintile
H_011500,Madre de Dios,Urbano,0,4,0,0,0,0,0.0,Hombre,0,Superior Universitaria,67.2,No Pobre,3672.67,3376.42,918.17,2754.51,0,0,1,0,Sin Seguro,0,311.88,187.13,68.61,37.43,18.71,0.0849,0.1132,0,0,0,0,Q5 (Más Rico)
H_006476,Apurímac,Urbano,0,3,0,0,1,2,2.0,Hombre,0,Primaria o Menos,2.2,No Pobre,3753.45,4743.8,938.36,2815.09,1,1,1,0,SIS,1,128.33,92.4,12.83,15.4,7.7,0.0342,0.0456,0,0,0,0,Q5 (Más Rico)
H_013168,Lima,Urbano,0,9,1,2,0,0,0.29,Hombre,0,Secundaria,93.3,Pobre Extremo,1486.08,1468.48,700.94,785.14,0,0,0,0,SIS,1,103.6,74.59,10.36,12.43,6.22,0.0697,0.132,0,0,0,0,Q1 (Más Pobre)
H_000863,Loreto,Urbano,0,4,0,0,0,0,0.0,Hombre,0,Superior Universitaria,93.9,Pobre No Extremo,917.12,875.27,495.2,421.93,0,0,0,0,SIS,1,17.06,12.28,1.71,2.05,1.02,0.0186,0.0404,0,0,0,0,Q2
H_005971,Lambayeque,Urbano,0,9,0,0,1,2,0.29,Hombre,0,Secundaria,68.6,Pobre Extremo,1996.92,2436.65,819.48,1177.45,0,0,0,0,Sin Seguro,0,238.39,143.03,52.45,28.61,14.3,0.1194,0.2025,1,0,0,0,Q2
H_006707,Apurímac,Urbano,0,9,0,0,1,1,0.12,Hombre,0,Secundaria,40.8,Pobre Extremo,1590.1,1875.29,730.16,859.95,1,2,1,0,EsSalud,0,99.5,54.72,14.92,19.9,9.95,0.0626,0.1157,0,0,0,0,Q2
H_003018,Cusco,Rural,1,4,0,0,1,1,0.33,Mujer,1,Primaria o Menos,75.0,Pobre No Extremo,1103.59,787.92,659.47,444.12,1,1,1,0,SIS,1,38.45,27.68,3.84,4.61,2.31,0.0348,0.0866,0,0,0,0,Q2
H_003782,Lima,Urbano,0,3,0,0,1,1,0.5,Hombre,0,Secundaria,54.5,No Pobre,1364.71,1292.55,663.57,701.14,1,3,1,1,Sin Seguro,0,1279.12,767.47,281.41,153.49,76.75,0.9373,1.8243,1,1,1,1,Q4
H_003899,Loreto,Rural,1,2,0,0,1,1,1.0,Hombre,0,Secundaria,34.9,Pobre No Extremo,631.79,961.87,413.31,218.48,1,1,1,0,SIS,1,167.6,120.67,16.76,20.11,10.06,0.2653,0.7671,1,1,1,0,Q3
H_002251,Lima,Urbano,0,6,0,0,1,1,0.2,Hombre,0,Secundaria,70.6,Pobre No Extremo,1654.09,1746.72,746.84,907.25,0,0,0,0,SIS,1,25.09,18.06,2.51,3.01,1.51,0.0152,0.0277,0,0,0,0,Q2
H_000543,Lima,Urbano,0,6,0,0,0,0,0.0,Hombre,0,Primaria o Menos,76.0,Pobre No Extremo,1794.59,1964.77,780.02,1014.57,0,0,1,0,SIS,1,55.06,39.64,5.51,6.61,3.3,0.0307,0.0543,0,0,0,0,Q3
H_004352,Piura,Rural,1,3,0,0,0,0,0.0,Hombre,0,Primaria o Menos,53.2,Pobre No Extremo,743.22,745.01,476.27,266.96,1,3,1,0,SIS,1,204.9,147.53,20.49,24.59,12.29,0.2757,0.7675,1,1,1,0,Q2
H_012808,Lima,Urbano,0,9,0,0,1,1,0.12,Hombre,0,Superior Universitaria,41.2,No Pobre,4716.03,6965.37,1179.01,3537.02,1,2,0,1,Privado/Otro,0,507.62,203.05,152.29,101.52,50.76,0.1076,0.1435,1,0,0,0,Q4
H_006632,Lima,Urbano,0,6,1,1,1,2,1.0,Mujer,1,Superior No Universitaria,86.2,No Pobre,3182.27,2705.78,853.25,2329.02,0,0,0,0,SIS,1,193.72,139.48,19.37,23.25,11.62,0.0609,0.0832,0,0,0,0,Q4
H_006706,San Martín,Urbano,0,6,0,0,0,0,0.0,Hombre,0,Superior No Universitaria,69.8,No Pobre,2902.6,3510.3,875.68,2026.92,0,0,1,0,Sin Seguro,0,153.79,92.27,33.83,18.45,9.23,0.053,0.0759,0,0,0,0,Q4
H_006979,Lambayeque,Rural,1,6,0,0,1,1,0.2,Mujer,1,Secundaria,5.7,Pobre No Extremo,1724.97,2068.38,902.17,822.81,0,0,1,0,SIS,1,46.47,33.46,4.65,5.58,2.79,0.0269,0.0565,0,0,0,0,Q3
H_007400,Lima,Urbano,0,9,0,0,0,0,0.0,Hombre,0,Superior No Universitaria,51.9,Pobre No Extremo,2478.3,2172.0,873.86,1604.44,0,0,1,0,SIS,1,47.29,34.05,4.73,5.67,2.84,0.0191,0.0295,0,0,0,0,Q2
H_011120,Cajamarca,Rural,1,3,1,1,0,0,0.5,Mujer,1,Primaria o Menos,80.3,Pobre Extremo,448.37,307.94,303.19,145.19,0,0,0,0,SIS,1,8.84,6.37,0.88,1.06,0.53,0.0197,0.0609,0,0,0,0,Q1 (Más Pobre)
H_012666,Arequipa,Urbano,0,3,0,0,0,0,0.0,Mujer,1,Primaria o Menos,36.4,No Pobre,5280.73,9715.31,1320.18,3960.55,0,0,0,0,SIS,1,105.93,76.27,10.59,12.71,6.36,0.0201,0.0267,0,0,0,0,Q5 (Más Rico)
H_005305,Cajamarca,Urbano,0,3,0,0,1,1,0.5,Hombre,0,Secundaria,42.5,Pobre No Extremo,679.74,1075.07,386.38,293.35,1,2,0,0,SIS,1,57.84,41.64,5.78,6.94,3.47,0.0851,0.1972,0,0,0,0,Q2
H_002313,Puno,Rural,1,6,1,2,1,1,1.0,Hombre,0,Primaria o Menos,6.2,Pobre Extremo,229.42,222.44,161.16,68.26,1,3,1,0,SIS,1,107.62,77.48,10.76,12.91,6.46,0.4691,1.5767,1,1,1,0,Q1 (Más Pobre)
H_007041,Lambayeque,Urbano,0,7,0,0,0,0,0.0,Hombre,0,Superior No Universitaria,61.1,Pobre Extremo,1108.56,1249.47,573.09,535.46,1,1,0,0,SIS,1,55.3,39.81,5.53,6.64,3.32,0.0499,0.1033,0,0,0,0,Q1 (Más Pobre)
H_001890,Huancavelica,Rural,1,7,0,0,1,2,0.4,Hombre,0,Primaria o Menos,56.8,Pobre Extremo,870.22,790.96,544.38,325.83,0,0,1,0,SIS,1,28.66,20.64,2.87,3.44,1.72,0.0329,0.088,0,0,0,0,Q1 (Más Pobre)
H_008992,Lima,Urbano,0,6,1,3,0,0,1.0,Hombre,0,Secundaria,15.3,No Pobre,2689.53,4503.19,880.17,1809.37,1,1,1,0,Sin Seguro,0,556.63,333.98,122.46,66.8,33.4,0.207,0.3076,1,0,0,1,Q4
H_000170,Piura,Urbano,0,6,0,0,0,0,0.0,Hombre,0,Secundaria,62.9,Pobre No Extremo,1727.61,1559.85,764.79,962.82,0,0,0,0,SIS,1,16.34,11.77,1.63,1.96,0.98,0.0095,0.017,0,0,0,0,Q3
H_001796,Lima,Urbano,0,6,0,0,0,0,0.0,Hombre,0,Primaria o Menos,32.4,No Pobre,7130.28,7374.19,1782.57,5347.71,0,0,0,0,EsSalud,0,82.02,45.11,12.3,16.4,8.2,0.0115,0.0153,0,0,0,0,Q5 (Más Rico)
H_003976,Ucayali,Urbano,0,3,0,0,1,1,0.5,Hombre,0,Primaria o Menos,82.4,No Pobre,4188.87,4681.23,1047.22,3141.65,0,0,0,0,Sin Seguro,0,354.75,212.85,78.04,42.57,21.28,0.0847,0.1129,0,0,0,0,Q5 (Más Rico)
H_006821,Puno,Urbano,0,4,1,2,0,0,1.0,Hombre,0,Primaria o Menos,79.3,No Pobre,1835.52,3030.22,788.79,1046.73,1,2,0,0,SIS,1,128.51,92.53,12.85,15.42,7.71,0.07,0.1228,0,0,0,0,Q4
H_007827,Amazonas,Urbano,0,5,1,1,0,0,0.25,Hombre,0,Superior Universitaria,66.9,No Pobre,2236.0,1673.39,853.44,1382.56,0,0,1,0,SIS,1,72.37,52.1,7.24,8.68,4.34,0.0324,0.0523,0,0,0,0,Q4
H_011810,Lima,Urbano,0,3,1,1,0,0,0.5,Mujer,1,Primaria o Menos,59.8,No Pobre,3179.94,3094.73,853.52,2326.42,1,1,1,0,EsSalud,0,173.14,95.23,25.97,34.63,17.31,0.0544,0.0744,0,0,0,0,Q5 (Más Rico)
H_001040,Lima,Urbano,0,4,0,0,1,1,0.33,Hombre,0,Secundaria,63.5,No Pobre,2889.51,3204.04,876.27,2013.24,0,0,0,0,SIS,1,61.3,44.14,6.13,7.36,3.68,0.0212,0.0304,0,0,0,0,Q5 (Más Rico)
H_002849,Piura,Urbano,0,9,0,0,0,0,0.0,Mujer,1,Primaria o Menos,42.3,Pobre No Extremo,2044.9,1836.95,827.39,1217.51,0,0,1,0,SIS,1,92.27,66.43,9.23,11.07,5.54,0.0451,0.0758,0,0,0,0,Q2
H_003372,Piura,Urbano,0,9,0,0,0,0,0.0,Hombre,0,Superior No Universitaria,66.9,Pobre Extremo,1664.31,1991.7,749.41,914.9,1,1,0,0,SIS,1,49.3,35.5,4.93,5.92,2.96,0.0296,0.0539,0,0,0,0,Q2
H_008830,Lima,Urbano,0,9,0,0,0,0,0.0,Hombre,0,Secundaria,50.0,No Pobre,5371.25,9058.47,1342.81,4028.44,1,1,0,0,SIS,1,207.73,149.57,20.77,24.93,12.46,0.0387,0.0516,0,0,0,0,Q4
H_010350,Puno,Rural,1,4,1,1,0,0,0.33,Mujer,1,Superior No Universitaria,79.8,Pobre Extremo,338.72,340.86,233.5,105.22,1,1,1,0,SIS,1,62.45,44.96,6.24,7.49,3.75,0.1844,0.5935,1,0,1,0,Q1 (Más Pobre)
H_008798,Puno,Urbano,0,2,1,3,1,2,5.0,Hombre,0,Secundaria,52.1,No Pobre,2872.3,2889.78,876.98,1995.32,1,2,0,1,SIS,1,82.32,59.27,8.23,9.88,4.94,0.0287,0.0413,0,0,0,0,Q5 (Más Rico)
H_000765,Lima,Urbano,0,6,1,1,0,0,0.2,Hombre,0,Superior Universitaria,85.0,Pobre No Extremo,2238.18,1774.98,853.68,1384.5,1,1,0,0,SIS,1,196.54,141.51,19.65,23.58,11.79,0.0878,0.142,0,0,0,0,Q3
H_001594,Lima,Urbano,0,8,0,0,0,0,0.0,Hombre,0,Secundaria,34.9,Pobre Extremo,1068.22,874.08,557.41,510.81,0,0,1,0,SIS,1,45.06,32.44,4.51,5.41,2.7,0.0422,0.0882,0,0,0,0,Q1 (Más Pobre)
H_014233,Lima,Urbano,0,5,1,1,1,1,0.67,Mujer,1,Secundaria,86.8,Pobre No Extremo,1703.67,2096.87,759.09,944.58,1,1,1,0,SIS,1,108.7,78.27,10.87,13.04,6.52,0.0638,0.1151,0,0,0,0,Q3
H_005873,La Libertad,Urbano,0,6,0,0,0,0,0.0,Hombre,0,Superior No Universitaria,49.3,Pobre Extremo,852.96,767.66,467.12,385.84,0,0,1,0,SIS,1,50.95,36.69,5.1,6.11,3.06,0.0597,0.132,0,0,0,0,Q1 (Más Pobre)
H_009941,Amazonas,Urbano,0,2,0,0,1,1,1.0,Hombre,0,Secundaria,19.6,No Pobre,1053.64,899.11,551.65,501.99,0,0,0,0,SIS,1,22.03,15.86,2.2,2.64,1.32,0.0209,0.0439,0,0,0,0,Q4
H_005170,Lambayeque,Urbano,0,4,0,0,0,0,0.0,Mujer,1,Superior Universitaria,34.1,Pobre No Extremo,960.6,780.33,513.66,446.94,1,2,1,0,SIS,1,60.3,43.41,6.03,7.24,3.62,0.0628,0.1349,0,0,0,0,Q2
H_010910,Lima,Urbano,0,3,0,0,0,0,0.0,Hombre,0,Superior Universitaria,94.3,No Pobre,2312.24,4074.74,861.38,1450.86,0,0,1,0,EsSalud,0,22.51,12.38,3.38,4.5,2.25,0.0097,0.0155,0,0,0,0,Q5 (Más Rico)
H_004123,Junín,Rural,1,4,1,1,0,0,0.33,Hombre,0,Primaria o Menos,39.2,Pobre Extremo,402.91,478.4,274.64,128.27,1,1,1,0,SIS,1,162.67,117.12,16.27,19.52,9.76,0.4037,1.2682,1,1,1,0,Q1 (Más Pobre)
H_012949,Huánuco,Urbano,0,5,0,0,0,0,0.0,Mujer,1,Superior No Universitaria,71.4,Pobre Extremo,898.03,902.21,486.94,411.09,0,0,0,0,SIS,1,14.29,10.29,1.43,1.71,0.86,0.0159,0.0348,0,0,0,0,Q2
H_014483,Lima,Urbano,0,5,1,1,1,1,0.67,Hombre,0,Secundaria,80.4,No Pobre,2915.49,2794.14,875.06,2040.44,1,1,1,0,EsSalud,0,148.91,81.9,22.34,29.78,14.89,0.0511,0.073,0,0,0,0,Q4
H_000150,Lima,Urbano,0,5,0,0,0,0,0.0,Hombre,0,Secundaria,66.7,No Pobre,4279.94,6046.61,1069.98,3209.95,0,0,0,0,EsSalud,0,103.55,56.95,15.53,20.71,10.35,0.0242,0.0323,0,0,0,0,Q5 (Más Rico)
H_011737,La Libertad,Rural,1,5,0,0,0,0,0.0,Hombre,0,Secundaria,62.7,Pobre Extremo,726.46,774.34,466.99,259.47,0,0,0,0,SIS,1,14.86,10.7,1.49,1.78,0.89,0.0205,0.0573,0,0,0,0,Q1 (Más Pobre)
H_000388,Lima,Urbano,0,4,0,0,0,0,0.0,Hombre,0,Superior No Universitaria,43.4,No Pobre,2684.11,4546.47,880.14,1803.97,0,0,0,0,SIS,1,55.48,39.95,5.55,6.66,3.33,0.0207,0.0308,0,0,0,0,Q4
H_003947,La Libertad,Urbano,0,2,0,0,1,1,1.0,Hombre,0,Primaria o Menos,70.0,No Pobre,1009.46,862.92,533.87,475.59,0,0,1,0,SIS,1,96.96,69.81,9.7,11.64,5.82,0.0961,0.2039,0,0,0,0,Q4
H_013403,Arequipa,Urbano,0,5,0,0,0,0,0.0,Hombre,0,Superior No Universitaria,25.1,Pobre Extremo,1020.43,1041.02,538.33,482.11,1,2,0,0,SIS,1,244.56,176.09,24.46,29.35,14.67,0.2397,0.5073,1,0,1,0,Q2
H_001374,Puno,Urbano,0,9,0,0,0,0,0.0,Hombre,0,Secundaria,77.5,Pobre Extremo,1387.0,1590.19,670.7,716.3,0,0,0,0,SIS,1,29.54,21.27,2.95,3.55,1.77,0.0213,0.0412,0,0,0,0,Q1 (Más Pobre)
H_002885,Lima,Urbano,0,2,0,0,0,0,0.0,Mujer,1,Secundaria,17.3,No Pobre,2043.16,1851.81,827.11,1216.05,1,2,0,0,EsSalud,0,48.51,26.68,7.28,9.7,4.85,0.0237,0.0399,0,0,0,0,Q5 (Más Rico)
H_014043,La Libertad,Urbano,0,4,0,0,1,1,0.33,Hombre,0,Secundaria,35.0,Pobre Extremo,881.65,697.55,479.8,401.85,0,0,1,0,SIS,1,107.55,77.44,10.76,12.91,6.45,0.122,0.2676,1,0,0,0,Q2
H_011361,Lambayeque,Urbano,0,8,0,0,1,1,0.14,Hombre,0,Superior No Universitaria,92.2,No Pobre,3516.61,7498.71,879.15,2637.46,0,0,1,0,EsSalud,0,152.7,83.98,22.9,30.54,15.27,0.0434,0.0579,0,0,0,0,Q4
H_002992,San Martín,Urbano,0,4,1,1,1,2,3.0,Hombre,0,Secundaria,88.5,Pobre No Extremo,1417.62,1839.3,680.29,737.32,1,1,0,0,SIS,1,61.19,44.06,6.12,7.34,3.67,0.0432,0.083,0,0,0,0,Q3
H_011596,Lambayeque,Urbano,0,3,0,0,0,0,0.0,Hombre,0,Superior Universitaria,71.1,Pobre No Extremo,1203.66,1413.27,608.52,595.14,0,0,0,0,Privado/Otro,0,13.95,5.58,4.19,2.79,1.4,0.0116,0.0234,0,0,0,0,Q3
H_010582,Huancavelica,Urbano,0,6,1,1,0,0,0.2,Hombre,0,Secundaria,68.3,Pobre Extremo,696.18,514.89,394.36,301.82,0,0,0,0,SIS,1,25.52,18.37,2.55,3.06,1.53,0.0367,0.0846,0,0,0,0,Q1 (Más Pobre)
H_014868,Cusco,Rural,1,3,1,1,1,1,2.0,Hombre,0,Superior Universitaria,18.9,Pobre Extremo,187.0,253.22,132.31,54.69,0,0,1,0,SIS,1,104.11,74.96,10.41,12.49,6.25,0.5567,1.9038,1,1,1,0,Q1 (Más Pobre)
H_014425,Arequipa,Rural,1,9,1,1,1,1,0.29,Hombre,0,Superior Universitaria,53.2,Pobre Extremo,1254.58,1988.95,726.96,527.61,0,0,1,1,SIS,1,364.09,262.15,36.41,43.69,21.85,0.2902,0.6901,1,1,1,0,Q1 (Más Pobre)
H_003025,Lima,Urbano,0,5,1,1,1,1,0.67,Hombre,0,Secundaria,48.5,No Pobre,2075.89,2426.13,832.21,1243.68,0,0,1,1,EsSalud,0,324.68,178.57,48.7,64.94,32.47,0.1564,0.2611,1,0,0,1,Q3
H_000252,Cusco,Urbano,0,9,1,3,1,1,0.8,Hombre,0,Secundaria,89.8,Pobre Extremo,584.0,464.29,338.68,245.33,1,1,1,0,SIS,1,279.22,201.04,27.92,33.51,16.75,0.4781,1.1381,1,1,1,0,Q1 (Más Pobre)
H_012147,Lima,Urbano,0,9,0,0,1,1,0.12,Hombre,0,Secundaria,54.0,Pobre No Extremo,2378.37,1847.14,867.14,1511.23,1,1,1,0,SIS,1,222.14,159.94,22.21,26.66,13.33,0.0934,0.147,0,0,0,0,Q2
H_011439,Huánuco,Rural,1,8,0,0,0,0,0.0,Hombre,0,Primaria o Menos,52.1,Pobre Extremo,614.23,505.32,403.12,211.12,1,1,1,0,SIS,1,84.12,60.57,8.41,10.09,5.05,0.137,0.3985,1,0,0,0,Q1 (Más Pobre)
H_007093,Junín,Urbano,0,1,1,2,0,0,2.0,Mujer,1,Secundaria,62.9,No Pobre,1182.98,1185.69,601.01,581.98,0,0,0,0,EsSalud,0,8.46,4.65,1.27,1.69,0.85,0.0072,0.0145,0,0,0,0,Q5 (Más Rico)
H_000933,Huancavelica,Rural,1,4,1,1,1,2,3.0,Hombre,0,Secundaria,52.8,Pobre Extremo,402.94,320.07,274.67,128.28,0,0,1,0,SIS,1,209.27,150.67,20.93,25.11,12.56,0.5194,1.6314,1,1,1,0,Q1 (Más Pobre)
H_007218,Junín,Urbano,0,8,0,0,0,0,0.0,Hombre,0,Superior No Universitaria,24.8,Pobre Extremo,1422.12,1401.14,681.69,740.44,0,0,0,0,SIS,1,18.12,13.05,1.81,2.17,1.09,0.0127,0.0245,0,0,0,0,Q2
H_003685,Junín,Urbano,0,9,1,2,1,1,0.5,Hombre,0,Superior Universitaria,86.8,Pobre Extremo,1809.24,2145.61,783.2,1026.03,0,0,0,0,SIS,1,37.58,27.06,3.76,4.51,2.25,0.0208,0.0366,0,0,0,0,Q2
H_008369,La Libertad,Urbano,0,5,0,0,1,1,0.25,Hombre,0,Secundaria,67.2,Pobre No Extremo,1542.75,1718.26,717.18,825.57,1,1,1,0,EsSalud,0,172.15,94.68,25.82,34.43,17.21,0.1116,0.2085,1,0,0,0,Q3
H_009479,Lima,Urbano,0,1,0,0,0,0,0.0,Hombre,0,Superior No Universitaria,83.0,No Pobre,2023.67,2449.94,823.96,1199.71,0,0,0,0,Privado/Otro,0,45.89,18.35,13.77,9.18,4.59,0.0227,0.0383,0,0,0,0,Q5 (Más Rico)
H_011725,Piura,Urbano,0,9,0,0,0,0,0.0,Hombre,0,Primaria o Menos,61.2,Pobre No Extremo,3455.37,3258.09,863.84,2591.53,0,0,1,0,SIS,1,81.29,58.53,8.13,9.75,4.88,0.0235,0.0314,0,0,0,0,Q3
H_007418,Lima,Urbano,0,2,0,0,0,0,0.0,Hombre,0,Secundaria,53.1,No Pobre,1184.39,975.98,601.52,582.87,0,0,1,0,SIS,1,212.03,152.66,21.2,25.44,12.72,0.179,0.3638,1,0,0,0,Q4
H_010505,Lambayeque,Urbano,0,3,0,0,0,0,0.0,Hombre,0,Secundaria,31.6,Pobre No Extremo,1065.61,984.95,556.38,509.23,0,0,0,0,SIS,1,29.01,20.88,2.9,3.48,1.74,0.0272,0.057,0,0,0,0,Q3
H_010516,Puno,Urbano,0,2,0,0,0,0,0.0,Hombre,0,Secundaria,91.2,Pobre No Extremo,812.78,871.02,449.03,363.74,0,0,0,0,SIS,1,81.09,58.39,8.11,9.73,4.87,0.0998,0.2229,0,0,0,0,Q3
H_013510,Piura,Urbano,0,3,0,0,0,0,0.0,Hombre,0,Superior No Universitaria,71.0,Pobre No Extremo,782.94,749.93,435.35,347.59,1,1,0,0,SIS,1,58.81,42.34,5.88,7.06,3.53,0.0751,0.1692,0,0,0,0,Q2
H_007173,Arequipa,Urbano,0,4,0,0,1,1,0.33,Mujer,1,Superior No Universitaria,46.6,Pobre No Extremo,977.47,1038.06,520.7,456.77,1,2,1,0,SIS,1,100.97,72.7,10.1,12.12,6.06,0.1033,0.2211,1,0,0,0,Q2
H_003329,Lima,Urbano,0,9,1,1,1,1,0.29,Mujer,1,Superior Universitaria,93.7,No Pobre,6296.93,8170.04,1574.23,4722.7,1,2,1,0,EsSalud,0,181.0,99.55,27.15,36.2,18.1,0.0287,0.0383,0,0,0,0,Q5 (Más Rico)
H_005024,Ancash,Urbano,0,9,1,1,0,0,0.12,Hombre,0,Secundaria,85.8,Pobre Extremo,552.08,465.1,322.28,229.8,0,0,0,0,SIS,1,40.17,28.92,4.02,4.82,2.41,0.0728,0.1748,0,0,0,0,Q1 (Más Pobre)
H_002215,Ancash,Urbano,0,4,0,0,0,0,0.0,Mujer,1,Superior No Universitaria,78.6,No Pobre,1757.76,2547.79,771.78,985.99,1,3,0,0,EsSalud,0,51.1,28.11,7.67,10.22,5.11,0.0291,0.0518,0,0,0,0,Q4
H_002217,Ica,Rural,1,9,1,2,1,1,0.5,Hombre,0,Secundaria,91.9,Pobre Extremo,843.19,566.83,530.21,312.98,1,2,0,0,SIS,1,199.42,143.58,19.94,23.93,11.97,0.2365,0.6372,1,0,1,0,Q1 (Más Pobre)
H_014796,Ica,Urbano,0,4,1,1,1,1,1.0,Hombre,0,Superior Universitaria,74.6,Pobre No Extremo,1152.83,1120.68,589.86,562.98,0,0,1,1,Sin Seguro,0,704.76,422.86,155.05,84.57,42.29,0.6113,1.2518,1,1,1,0,Q3
H_002860,Lima,Urbano,0,2,0,0,1,1,1.0,Hombre,0,Superior No Universitaria,86.3,No Pobre,1202.64,1264.87,608.16,594.49,1,2,1,0,Privado/Otro,0,206.02,82.41,61.81,41.2,20.6,0.1713,0.3466,1,0,0,0,Q4
H_004025,La Libertad,Urbano,0,9,0,0,1,1,0.12,Hombre,0,Secundaria,39.4,Pobre Extremo,1881.34,1753.37,798.14,1083.2,0,0,0,0,Sin Seguro,0,136.99,82.19,30.14,16.44,8.22,0.0728,0.1265,0,0,0,0,Q2
H_002761,Lima,Urbano,0,2,0,0,0,0,0.0,Mujer,1,Secundaria,57.8,No Pobre,2230.37,2515.7,852.79,1377.58,0,0,0,0,SIS,1,70.69,50.9,7.07,8.48,4.24,0.0317,0.0513,0,0,0,0,Q5 (Más Rico)
H_003291,Lima,Urbano,0,6,1,1,0,0,0.2,Hombre,0,Secundaria,44.7,Pobre Extremo,1119.46,1004.68,577.27,542.2,0,0,0,0,SIS,1,55.09,39.66,5.51,6.61,3.31,0.0492,0.1016,0,0,0,0,Q2
H_010044,Piura,Urbano,0,5,0,0,0,0,0.0,Mujer,1,Primaria o Menos,44.8,No Pobre,2648.44,2505.34,879.78,1768.67,0,0,1,0,SIS,1,42.3,30.46,4.23,5.08,2.54,0.016,0.0239,0,0,0,0,Q4
H_002627,Lima,Urbano,0,3,1,2,0,0,2.0,Hombre,0,Secundaria,78.2,No Pobre,1855.66,1645.11,792.96,1062.7,0,0,1,0,SIS,1,87.75,63.18,8.77,10.53,5.26,0.0473,0.0826,0,0,0,0,Q4
H_004610,Arequipa,Urbano,0,5,0,0,0,0,0.0,Hombre,0,Primaria o Menos,80.6,No Pobre,3017.2,3120.02,868.76,2148.44,0,0,0,0,SIS,1,149.57,107.69,14.96,17.95,8.97,0.0496,0.0696,0,0,0,0,Q4
H_013284,Lima,Urbano,0,5,0,0,1,1,0.25,Mujer,1,Primaria o Menos,66.4,Pobre No Extremo,2041.74,2466.15,826.89,1214.86,0,0,0,0,SIS,1,205.15,147.71,20.52,24.62,12.31,0.1005,0.1689,1,0,0,0,Q3
H_012473,Lima,Urbano,0,3,0,0,0,0,0.0,Hombre,0,Secundaria,73.7,No Pobre,1752.06,2276.55,770.47,981.59,1,2,1,0,EsSalud,0,72.57,39.91,10.88,14.51,7.26,0.0414,0.0739,0,0,0,0,Q4
H_011740,Lima,Urbano,0,3,0,0,1,1,0.5,Hombre,0,Secundaria,70.0,No Pobre,2216.0,1213.86,851.12,1364.88,0,0,1,0,Sin Seguro,0,394.21,236.53,86.73,47.31,23.65,0.1779,0.2888,1,0,0,0,Q5 (Más Rico)
H_006662,Cajamarca,Rural,1,4,0,0,1,1,0.33,Mujer,1,Primaria o Menos,67.9,Pobre Extremo,690.35,728.35,446.76,243.58,0,0,0,0,SIS,1,20.72,14.92,2.07,2.49,1.24,0.03,0.0851,0,0,0,0,Q1 (Más Pobre)
H_013940,Ayacucho,Rural,1,5,1,1,0,0,0.25,Hombre,0,Secundaria,59.9,Pobre Extremo,522.38,460.27,348.59,173.79,1,2,0,0,SIS,1,156.31,112.54,15.63,18.76,9.38,0.2992,0.8994,1,1,1,0,Q1 (Más Pobre)
H_007360,Ayacucho,Urbano,0,4,0,0,0,0,0.0,Hombre,0,Secundaria,76.1,No Pobre,1967.07,1683.04,814.27,1152.8,0,0,0,0,SIS,1,12.69,9.14,1.27,1.52,0.76,0.0065,0.011,0,0,0,0,Q4
H_003205,Junín,Urbano,0,4,0,0,1,1,0.33,Mujer,1,Secundaria,61.8,Pobre Extremo,787.7,577.07,437.55,350.15,1,1,0,0,SIS,1,103.93,74.83,10.39,12.47,6.24,0.1319,0.2968,1,0,0,0,Q2
H_011753,Ancash,Rural,1,3,0,0,0,0,0.0,Mujer,1,Secundaria,59.0,Pobre No Extremo,948.41,1255.04,584.4,364.01,0,0,0,0,SIS,1,31.56,22.72,3.16,3.79,1.89,0.0333,0.0867,0,0,0,0,Q3
H_006127,Puno,Rural,1,4,0,0,0,0,0.0,Mujer,1,Primaria o Menos,61.7,Pobre Extremo,459.37,559.92,310.02,149.35,0,0,0,0,SIS,1,13.69,9.86,1.37,1.64,0.82,0.0298,0.0917,0,0,0,0,Q1 (Más Pobre)
H_014630,Lima,Urbano,0,5,0,0,1,1,0.25,Mujer,1,Superior No Universitaria,81.3,Pobre No Extremo,1826.99,1937.2,787.0,1039.99,1,1,1,0,SIS,1,167.12,120.33,16.71,20.05,10.03,0.0915,0.1607,0,0,0,0,Q3
H_002679,Lima,Urbano,0,2,0,0,0,0,0.0,Mujer,1,Superior No Universitaria,82.7,No Pobre,2654.15,1740.4,879.86,1774.3,0,0,1,0,EsSalud,0,125.96,69.28,18.89,25.19,12.6,0.0475,0.071,0,0,0,0,Q5 (Más Rico)
H_003709,Lima,Urbano,0,2,0,0,0,0,0.0,Mujer,1,Secundaria,61.7,Pobre Extremo,395.21,411.74,238.15,157.07,1,1,1,0,Sin Seguro,0,498.07,298.84,109.58,59.77,29.88,1.2603,3.1711,1,1,1,0,Q2
H_009988,Lima,Urbano,0,5,1,1,1,1,0.67,Mujer,1,Superior No Universitaria,94.7,Pobre No Extremo,1270.59,1209.24,632.16,638.43,1,2,0,0,SIS,1,199.48,143.63,19.95,23.94,11.97,0.157,0.3125,1,0,0,0,Q2
H_002806,Tumbes,Urbano,0,1,0,0,0,0,0.0,Hombre,0,Superior No Universitaria,83.5,No Pobre,1491.43,1354.65,702.51,788.92,0,0,0,0,Sin Seguro,0,112.06,67.24,24.65,13.45,6.72,0.0751,0.142,0,0,0,0,Q5 (Más Rico)
H_001454,Piura,Urbano,0,8,0,0,0,0,0.0,Mujer,1,Superior Universitaria,48.3,Pobre No Extremo,1820.42,1718.2,785.6,1034.82,1,1,0,0,SIS,1,68.25,49.14,6.83,8.19,4.1,0.0375,0.066,0,0,0,0,Q2
H_014422,Loreto,Urbano,0,9,1,1,1,1,0.29,Hombre,0,Secundaria,54.4,Pobre Extremo,779.12,749.39,433.59,345.54,1,1,1,0,SIS,1,99.64,71.74,9.96,11.96,5.98,0.1279,0.2884,1,0,0,0,Q1 (Más Pobre)
H_010000,Lima,Urbano,0,5,0,0,0,0,0.0,Hombre,0,Secundaria,53.9,No Pobre,3071.53,2180.29,864.38,2207.16,1,1,1,0,SIS,1,116.05,83.55,11.6,13.93,6.96,0.0378,0.0526,0,0,0,0,Q4
H_002320,Cusco,Urbano,0,4,0,0,0,0,0.0,Hombre,0,Secundaria,54.9,Pobre Extremo,861.06,1141.41,470.72,390.34,0,0,1,0,SIS,1,47.25,34.02,4.72,5.67,2.83,0.0549,0.121,0,0,0,0,Q2
H_013883,La Libertad,Rural,1,3,0,0,0,0,0.0,Mujer,1,Primaria o Menos,49.4,Pobre Extremo,235.19,227.84,165.05,70.14,1,1,0,0,SIS,1,41.99,30.23,4.2,5.04,2.52,0.1785,0.5987,1,0,1,0,Q1 (Más Pobre)
H_012609,Ayacucho,Rural,1,6,0,0,0,0,0.0,Hombre,0,Primaria o Menos,28.3,Pobre Extremo,648.06,750.03,422.69,225.37,0,0,0,0,SIS,1,7.23,5.2,0.72,0.87,0.43,0.0112,0.0321,0,0,0,0,Q1 (Más Pobre)
H_007334,Loreto,Urbano,0,6,0,0,0,0,0.0,Mujer,1,Primaria o Menos,36.8,Pobre No Extremo,1839.49,2294.82,789.62,1049.87,1,1,1,0,Sin Seguro,0,442.45,265.47,97.34,53.09,26.55,0.2405,0.4214,1,0,1,0,Q3
H_003652,Cusco,Urbano,0,4,1,1,1,1,1.0,Hombre,0,Secundaria,61.5,Pobre No Extremo,1465.89,1490.2,694.97,770.92,0,0,1,0,SIS,1,115.71,83.31,11.57,13.89,6.94,0.0789,0.1501,0,0,0,0,Q3
H_002289,Puno,Rural,1,9,1,1,0,0,0.12,Mujer,1,Primaria o Menos,79.0,Pobre Extremo,534.24,516.18,355.75,178.49,0,0,0,0,SIS,1,58.85,42.37,5.88,7.06,3.53,0.1102,0.3297,1,0,0,0,Q1 (Más Pobre)
H_003624,Ayacucho,Rural,1,6,1,1,1,1,0.5,Mujer,1,Primaria o Menos,78.6,Pobre Extremo,446.14,531.58,301.8,144.34,1,1,1,0,SIS,1,77.18,55.57,7.72,9.26,4.63,0.173,0.5347,1,0,1,0,Q1 (Más Pobre)
H_013619,Lima,Urbano,0,4,0,0,0,0,0.0,Mujer,1,Superior No Universitaria,70.4,No Pobre,2597.82,2902.12,878.74,1719.08,1,2,1,1,EsSalud,0,157.57,86.66,23.64,31.51,15.76,0.0607,0.0917,0,0,0,0,Q4
H_004879,Arequipa,Urbano,0,2,0,0,0,0,0.0,Mujer,1,Superior Universitaria,66.9,No Pobre,1387.33,1811.73,670.8,716.53,1,1,0,0,EsSalud,0,52.43,28.84,7.86,10.49,5.24,0.0378,0.0732,0,0,0,0,Q5 (Más Rico)
H_001714,Cajamarca,Urbano,0,4,0,0,0,0,0.0,Hombre,0,Secundaria,39.8,No Pobre,2371.89,2425.81,866.63,1505.27,1,2,0,0,SIS,1,65.61,47.24,6.56,7.87,3.94,0.0277,0.0436,0,0,0,0,Q4
H_014506,Cajamarca,Rural,1,4,1,1,0,0,0.33,Hombre,0,Primaria o Menos,28.1,Pobre Extremo,114.21,96.88,81.81,32.4,1,1,0,0,SIS,1,38.46,27.69,3.85,4.62,2.31,0.3367,1.1869,1,1,1,0,Q1 (Más Pobre)
H_003590,Lima,Urbano,0,7,1,1,0,0,0.17,Hombre,0,Superior No Universitaria,82.6,Pobre No Extremo,2025.81,2484.04,824.31,1201.51,0,0,1,0,SIS,1,60.73,43.72,6.07,7.29,3.64,0.03,0.0505,0,0,0,0,Q3
H_009467,Apurímac,Urbano,0,9,0,0,0,0,0.0,Mujer,1,Superior No Universitaria,22.8,Pobre Extremo,1406.74,1123.3,676.91,729.83,1,1,1,0,SIS,1,58.98,42.47,5.9,7.08,3.54,0.0419,0.0808,0,0,0,0,Q1 (Más Pobre)
H_005156,Lima,Urbano,0,4,1,1,1,1,1.0,Hombre,0,Secundaria,78.8,Pobre No Extremo,1446.67,1117.62,689.19,757.48,0,0,0,0,SIS,1,59.62,42.93,5.96,7.15,3.58,0.0412,0.0787,0,0,0,0,Q3
H_012595,Lima,Urbano,0,6,1,1,0,0,0.2,Hombre,0,Secundaria,68.0,Pobre Extremo,1039.48,1152.55,546.0,493.48,0,0,1,0,SIS,1,47.81,34.42,4.78,5.74,2.87,0.046,0.0969,0,0,0,0,Q1 (Más Pobre)
H_013674,Lima,Urbano,0,4,1,1,1,1,1.0,Mujer,1,Primaria o Menos,80.3,No Pobre,2190.78,2466.57,848.07,1342.72,1,1,0,0,SIS,1,128.94,92.84,12.89,15.47,7.74,0.0589,0.096,0,0,0,0,Q4
H_003670,Cajamarca,Rural,1,1,0,0,0,0,0.0,Mujer,1,Primaria o Menos,48.2,Pobre Extremo,195.24,214.9,137.95,57.29,0,0,1,0,SIS,1,36.22,26.08,3.62,4.35,2.17,0.1855,0.6322,1,0,1,0,Q2
H_014325,Huancavelica,Rural,1,4,1,1,0,0,0.33,Hombre,0,Primaria o Menos,84.9,Pobre No Extremo,1081.58,976.98,649.18,432.41,1,1,1,0,SIS,1,81.75,58.86,8.18,9.81,4.91,0.0756,0.1891,0,0,0,0,Q2
H_013525,Piura,Urbano,0,2,1,1,1,1,2.0,Mujer,1,Primaria o Menos,59.9,No Pobre,998.32,1076.94,529.31,469.01,1,1,0,0,Sin Seguro,0,692.07,415.24,152.25,83.05,41.52,0.6932,1.4756,1,1,1,1,Q4
H_008385,Lima,Urbano,0,1,0,0,0,0,0.0,Hombre,0,Superior No Universitaria,66.4,No Pobre,2074.47,1985.56,831.99,1242.47,1,1,0,0,SIS,1,50.33,36.23,5.03,6.04,3.02,0.0243,0.0405,0,0,0,0,Q5 (Más Rico)
H_014211,Lima,Urbano,0,6,0,0,1,2,0.5,Mujer,1,Secundaria,76.4,Pobre No Extremo,1591.88,2157.59,730.63,861.25,1,1,1,0,SIS,1,262.13,188.74,26.21,31.46,15.73,0.1647,0.3044,1,0,0,0,Q2
H_004388,Lima,Urbano,0,1,0,0,1,2,2.0,Mujer,1,Superior No Universitaria,71.2,No Pobre,1151.17,1459.77,589.24,561.93,1,1,0,0,EsSalud,0,73.55,40.45,11.03,14.71,7.35,0.0639,0.1309,0,0,0,0,Q5 (Más Rico)
H_009124,Huánuco,Rural,1,2,1,1,0,0,1.0,Hombre,0,Primaria o Menos,47.4,No Pobre,1325.6,2143.13,756.82,568.78,1,1,0,0,SIS,1,35.77,25.75,3.58,4.29,2.15,0.027,0.0629,0,0,0,0,Q4
H_007895,Puno,Rural,1,1,0,0,0,0,0.0,Hombre,0,Secundaria,78.5,No Pobre,468.09,340.91,315.41,152.68,0,0,1,0,SIS,1,41.18,29.65,4.12,4.94,2.47,0.088,0.2697,0,0,0,0,Q4
H_001490,Cajamarca,Rural,1,7,1,1,1,1,0.4,Hombre,0,Secundaria,50.1,Pobre Extremo,954.08,719.07,587.25,366.84,0,0,0,0,SIS,1,39.29,28.29,3.93,4.71,2.36,0.0412,0.1071,0,0,0,0,Q1 (Más Pobre)
H_001607,Lima,Urbano,0,2,1,1,1,1,2.0,Hombre,0,Superior No Universitaria,89.9,No Pobre,2486.82,3309.11,874.32,1612.5,1,1,0,0,EsSalud,0,208.44,114.64,31.27,41.69,20.84,0.0838,0.1293,0,0,0,0,Q5 (Más Rico)
H_008595,Ancash,Urbano,0,6,0,0,0,0,0.0,Hombre,0,Superior Universitaria,57.1,Pobre Extremo,835.55,1091.27,459.33,376.22,1,1,0,0,EsSalud,0,53.18,29.25,7.98,10.64,5.32,0.0636,0.1414,0,0,0,0,Q1 (Más Pobre)
H_008529,Junín,Urbano,0,8,0,0,0,0,0.0,Hombre,0,Superior No Universitaria,45.7,Pobre Extremo,902.21,871.66,488.76,413.45,0,0,0,0,SIS,1,18.25,13.14,1.82,2.19,1.09,0.0202,0.0441,0,0,0,0,Q1 (Más Pobre)
H_001403,Lima,Urbano,0,9,0,0,1,2,0.29,Hombre,0,Primaria o Menos,79.6,Pobre No Extremo,2250.48,2265.25,855.05,1395.43,0,0,1,0,SIS,1,114.27,82.28,11.43,13.71,6.86,0.0508,0.0819,0,0,0,0,Q2
H_009388,Lima,Urbano,0,4,0,0,0,0,0.0,Hombre,0,Primaria o Menos,60.6,No Pobre,3288.58,3693.21,839.81,2448.77,0,0,1,0,SIS,1,253.09,182.23,25.31,30.37,15.19,0.077,0.1034,0,0,0,0,Q5 (Más Rico)
H_003520,Lima,Urbano,0,3,0,0,0,0,0.0,Mujer,1,Primaria o Menos,43.5,No Pobre,2568.74,2825.73,877.87,1690.87,0,0,1,0,EsSalud,0,60.53,33.29,9.08,12.11,6.05,0.0236,0.0358,0,0,0,0,Q5 (Más Rico)
H_003298,Lima,Urbano,0,6,0,0,0,0,0.0,Hombre,0,Secundaria,23.9,No Pobre,2501.8,3200.37,875.09,1626.71,0,0,1,0,SIS,1,69.68,50.17,6.97,8.36,4.18,0.0279,0.0428,0,0,0,1,Q3
H_001007,Junín,Urbano,0,4,1,1,0,0,0.33,Mujer,1,Superior No Universitaria,20.7,No Pobre,2149.6,2142.47,842.75,1306.85,1,2,0,0,Sin Seguro,0,390.82,234.49,85.98,46.9,23.45,0.1818,0.2991,1,0,0,0,Q4
H_002792,Tumbes,Urbano,0,3,0,0,0,0,0.0,Hombre,0,Superior No Universitaria,81.0,Pobre No Extremo,770.24,822.84,429.46,340.78,0,0,0,0,SIS,1,30.88,22.23,3.09,3.71,1.85,0.0401,0.0906,0,0,0,0,Q2
H_002705,Lambayeque,Urbano,0,5,0,0,0,0,0.0,Hombre,0,Secundaria,64.2,Pobre No Extremo,1785.36,2275.05,777.98,1007.38,0,0,1,0,Sin Seguro,0,223.1,133.86,49.08,26.77,13.39,0.125,0.2215,1,0,0,0,Q3
H_005614,Lima,Urbano,0,2,0,0,0,0,0.0,Hombre,0,Secundaria,85.3,No Pobre,2022.17,2538.06,823.71,1198.46,1,1,1,0,SIS,1,29.66,21.36,2.97,3.56,1.78,0.0147,0.0247,0,0,0,0,Q5 (Más Rico)
H_014031,Cusco,Rural,1,3,0,0,0,0,0.0,Hombre,0,Primaria o Menos,32.2,Pobre No Extremo,1156.69,894.29,683.83,472.86,1,1,0,0,SIS,1,71.23,51.29,7.12,8.55,4.27,0.0616,0.1506,0,0,0,0,Q3
H_005684,Lima,Urbano,0,8,0,0,0,0,0.0,Hombre,0,Superior No Universitaria,72.5,Pobre Extremo,1342.79,2151.99,656.44,686.35,0,0,1,0,EsSalud,0,45.16,24.84,6.77,9.03,4.52,0.0336,0.0658,0,0,0,0,Q1 (Más Pobre)
H_012288,Lima,Urbano,0,4,0,0,1,1,0.33,Mujer,1,Superior No Universitaria,59.2,Pobre No Extremo,1194.11,1104.58,605.06,589.04,0,0,1,1,SIS,1,244.25,175.86,24.42,29.31,14.65,0.2045,0.4147,1,0,1,0,Q3
H_005401,Lima,Urbano,0,6,0,0,0,0,0.0,Hombre,0,Secundaria,72.8,No Pobre,8185.25,8020.12,2046.31,6138.94,0,0,1,0,EsSalud,0,70.99,39.05,10.65,14.2,7.1,0.0087,0.0116,0,0,0,0,Q5 (Más Rico)
H_002358,Lima,Urbano,0,2,0,0,1,1,1.0,Hombre,0,Secundaria,55.8,No Pobre,1425.16,1584.9,682.62,742.53,1,1,1,0,Sin Seguro,0,1394.76,836.86,306.85,167.37,83.69,0.9787,1.8784,1,1,1,1,Q5 (Más Rico)
H_014681,Loreto,Rural,1,2,0,0,0,0,0.0,Hombre,0,Primaria o Menos,77.6,Pobre No Extremo,648.19,612.26,422.76,225.43,0,0,0,0,SIS,1,34.02,24.5,3.4,4.08,2.04,0.0525,0.1509,0,0,0,0,Q3
H_000291,Lima,Urbano,0,6,0,0,0,0,0.0,Mujer,1,Primaria o Menos,83.8,Pobre Extremo,662.0,860.49,377.71,284.29,1,1,0,0,SIS,1,58.82,42.35,5.88,7.06,3.53,0.0889,0.2069,0,0,0,0,Q1 (Más Pobre)
H_012535,Lima,Urbano,0,4,0,0,1,1,0.33,Hombre,0,Primaria o Menos,86.0,No Pobre,1888.15,1903.84,799.48,1088.66,0,0,0,0,EsSalud,0,84.52,46.49,12.68,16.9,8.45,0.0448,0.0776,0,0,0,0,Q4
H_005909,Lima,Urbano,0,4,0,0,0,0,0.0,Hombre,0,Secundaria,74.2,No Pobre,3922.79,3300.9,980.7,2942.1,0,0,0,0,EsSalud,0,39.01,21.46,5.85,7.8,3.9,0.0099,0.0133,0,0,0,0,Q5 (Más Rico)
H_013819,La Libertad,Rural,1,9,0,0,1,1,0.12,Hombre,0,Primaria o Menos,68.0,Pobre Extremo,794.23,804.92,504.09,290.14,1,1,1,0,SIS,1,303.59,218.58,30.36,36.43,18.22,0.3822,1.0464,1,1,1,0,Q1 (Más Pobre)
H_006595,Ancash,Urbano,0,4,0,0,1,1,0.33,Hombre,0,Secundaria,79.6,No Pobre,2380.57,2352.03,867.32,1513.25,1,1,1,0,SIS,1,360.77,259.75,36.08,43.29,21.65,0.1515,0.2384,1,0,0,0,Q4
H_000089,Huánuco,Rural,1,5,1,1,1,1,0.67,Hombre,0,Secundaria,50.9,Pobre Extremo,556.85,705.28,369.29,187.56,1,1,0,0,EsSalud,0,16.83,9.26,2.52,3.37,1.68,0.0302,0.0897,0,0,0,0,Q1 (Más Pobre)
H_012999,Arequipa,Urbano,0,3,0,0,1,1,0.5,Mujer,1,Secundaria,81.5,Pobre Extremo,643.74,601.99,368.7,275.04,1,1,0,0,Sin Seguro,0,317.11,190.27,69.76,38.05,19.03,0.4926,1.153,1,1,1,0,Q2
H_002233,Huánuco,Urbano,0,3,1,1,1,2,3.0,Hombre,0,Superior Universitaria,30.2,No Pobre,1842.63,1546.09,790.28,1052.36,0,0,0,0,SIS,1,85.07,61.25,8.51,10.21,5.1,0.0462,0.0808,0,0,0,0,Q4
H_008274,Piura,Rural,1,8,0,0,0,0,0.0,Hombre,0,Primaria o Menos,94.6,Pobre Extremo,388.73,359.0,265.64,123.09,0,0,0,0,SIS,1,18.66,13.43,1.87,2.24,1.12,0.048,0.1516,0,0,0,0,Q1 (Más Pobre)
H_009323,La Libertad,Urbano,0,4,1,1,0,0,0.33,Hombre,0,Superior No Universitaria,54.5,No Pobre,1869.93,2129.13,795.86,1074.07,0,0,1,1,EsSalud,0,181.32,99.73,27.2,36.26,18.13,0.097,0.1688,0,0,0,0,Q4
H_007965,Piura,Rural,1,2,0,0,1,2,2.0,Mujer,1,Superior No Universitaria,36.7,Pobre No Extremo,664.85,821.5,432.3,232.55,1,1,0,0,SIS,1,53.38,38.43,5.34,6.41,3.2,0.0803,0.2295,0,0,0,0,Q3
H_009038,Ica,Urbano,0,6,1,1,0,0,0.2,Hombre,0,Primaria o Menos,82.1,No Pobre,3439.49,3888.61,859.87,2579.62,0,0,1,0,EsSalud,0,170.25,93.64,25.54,34.05,17.03,0.0495,0.066,0,0,0,0,Q4
H_011409,Puno,Rural,1,4,0,0,0,0,0.0,Hombre,0,Secundaria,54.9,Pobre Extremo,490.92,525.78,329.45,161.47,0,0,0,0,SIS,1,16.77,12.07,1.68,2.01,1.01,0.0342,0.1039,0,0,0,0,Q1 (Más Pobre)
H_008392,Lima,Urbano,0,2,0,0,0,0,0.0,Hombre,0,Superior Universitaria,84.1,No Pobre,2872.95,2202.39,876.96,1995.99,0,0,0,0,EsSalud,0,47.37,26.05,7.11,9.47,4.74,0.0165,0.0237,0,0,0,0,Q5 (Más Rico)
H_011750,Lima,Urbano,0,2,0,0,1,1,1.0,Hombre,0,Secundaria,66.1,No Pobre,3109.03,3181.74,860.94,2248.09,1,1,0,0,SIS,1,112.71,81.15,11.27,13.53,6.76,0.0363,0.0501,0,0,0,0,Q5 (Más Rico)
H_001057,Lambayeque,Urbano,0,2,0,0,1,1,1.0,Hombre,0,Superior Universitaria,72.7,No Pobre,3364.97,3562.81,841.24,2523.73,1,1,1,0,SIS,1,76.07,54.77,7.61,9.13,4.56,0.0226,0.0301,0,0,0,0,Q5 (Más Rico)
H_000904,Piura,Urbano,0,7,0,0,0,0,0.0,Hombre,0,Superior Universitaria,58.9,Pobre No Extremo,1800.31,2091.69,781.27,1019.04,1,1,1,0,EsSalud,0,91.34,50.24,13.7,18.27,9.13,0.0507,0.0896,0,0,0,0,Q2
H_014221,Junín,Urbano,0,2,1,2,0,0,2.0,Hombre,0,Superior No Universitaria,55.8,No Pobre,1546.09,1446.84,718.11,827.98,1,1,0,0,Privado/Otro,0,131.32,52.53,39.4,26.26,13.13,0.0849,0.1586,0,0,0,0,Q5 (Más Rico)
H_013627,Puno,Urbano,0,4,1,1,0,0,0.33,Mujer,1,Secundaria,81.8,No Pobre,2263.17,2578.77,856.43,1406.74,1,1,1,0,SIS,1,56.16,40.44,5.62,6.74,3.37,0.0248,0.0399,0,0,0,0,Q4
H_002040,Lima,Urbano,0,5,1,1,1,1,0.67,Hombre,0,Secundaria,50.1,No Pobre,2219.12,2907.01,851.49,1367.63,0,0,1,0,EsSalud,0,81.75,44.96,12.26,16.35,8.17,0.0368,0.0598,0,0,0,0,Q4
H_001612,La Libertad,Urbano,0,2,0,0,0,0,0.0,Hombre,0,Superior Universitaria,64.0,No Pobre,1836.73,2629.57,789.05,1047.68,0,0,0,0,Sin Seguro,0,86.02,51.61,18.93,10.32,5.16,0.0468,0.0821,0,0,0,0,Q5 (Más Rico)
H_014520,Cajamarca,Rural,1,9,0,0,0,0,0.0,Hombre,0,Primaria o Menos,17.6,Pobre Extremo,853.17,865.71,535.47,317.7,0,0,1,0,EsSalud,0,29.11,16.01,4.37,5.82,2.91,0.0341,0.0916,0,0,0,0,Q1 (Más Pobre)
H_000737,Cusco,Rural,1,9,0,0,0,0,0.0,Hombre,0,Primaria o Menos,53.7,Pobre Extremo,977.5,1182.13,598.91,378.58,1,1,1,0,SIS,1,75.83,54.6,7.58,9.1,4.55,0.0776,0.2003,0,0,0,0,Q1 (Más Pobre)
H_005964,Lambayeque,Urbano,0,1,1,1,0,0,1.0,Hombre,0,Secundaria,60.6,No Pobre,1488.58,1982.43,701.67,786.91,0,0,1,0,EsSalud,0,65.68,36.13,9.85,13.14,6.57,0.0441,0.0835,0,0,0,0,Q5 (Más Rico)
H_011876,Amazonas,Urbano,0,1,0,0,0,0,0.0,Hombre,0,Secundaria,64.1,No Pobre,2635.21,2470.6,879.57,1755.64,0,0,0,0,SIS,1,31.69,22.82,3.17,3.8,1.9,0.012,0.0181,0,0,0,0,Q5 (Más Rico)
H_007309,Lambayeque,Rural,1,3,1,3,0,0,3.0,Hombre,0,Superior Universitaria,86.4,Pobre Extremo,560.87,761.61,371.69,189.18,0,0,0,0,SIS,1,48.91,35.22,4.89,5.87,2.93,0.0872,0.2585,0,0,0,0,Q2
H_009053,Lima,Urbano,0,7,0,0,1,1,0.17,Mujer,1,Secundaria,49.1,No Pobre,5203.25,6323.21,1300.81,3902.44,1,1,0,0,EsSalud,0,134.33,73.88,20.15,26.87,13.43,0.0258,0.0344,0,0,0,0,Q5 (Más Rico)
H_006178,Lima,Urbano,0,1,0,0,0,0,0.0,Hombre,0,Secundaria,59.2,No Pobre,3728.01,2887.72,932.0,2796.01,0,0,0,0,EsSalud,0,32.5,17.88,4.88,6.5,3.25,0.0087,0.0116,0,0,0,0,Q5 (Más Rico)
H_013556,Cusco,Rural,1,9,1,1,1,1,0.29,Hombre,0,Secundaria,23.6,Pobre Extremo,594.47,440.88,391.55,202.91,0,0,0,1,Sin Seguro,0,579.07,347.44,127.4,69.49,34.74,0.9741,2.8538,1,1,1,0,Q1 (Más Pobre)
H_002865,Cajamarca,Rural,1,6,0,0,1,1,0.2,Mujer,1,Primaria o Menos,44.3,Pobre Extremo,175.85,253.81,124.66,51.19,1,1,0,0,SIS,1,57.65,41.51,5.76,6.92,3.46,0.3278,1.1262,1,1,1,0,Q1 (Más Pobre)
H_010057,Cajamarca,Rural,1,3,0,0,0,0,0.0,Mujer,1,Secundaria,71.6,No Pobre,1617.91,2751.43,866.96,750.95,0,0,0,0,SIS,1,20.2,14.54,2.02,2.42,1.21,0.0125,0.0269,0,0,0,0,Q4
H_001419,Cajamarca,Rural,1,3,0,0,0,0,0.0,Mujer,1,Secundaria,30.3,Pobre Extremo,231.63,277.73,162.65,68.98,0,0,0,0,SIS,1,12.7,9.15,1.27,1.52,0.76,0.0548,0.1841,0,0,0,0,Q1 (Más Pobre)
H_005915,Puno,Urbano,0,9,0,0,0,0,0.0,Hombre,0,Secundaria,80.8,Pobre No Extremo,2842.81,2006.75,878.04,1964.78,0,0,0,0,SIS,1,43.45,31.28,4.35,5.21,2.61,0.0153,0.0221,0,0,0,0,Q3
H_004149,Ancash,Rural,1,5,0,0,1,1,0.25,Hombre,0,Superior No Universitaria,36.9,Pobre No Extremo,1543.59,1500.42,840.9,702.69,1,1,0,0,SIS,1,120.69,86.9,12.07,14.48,7.24,0.0782,0.1718,0,0,0,0,Q3
H_013110,Lima,Urbano,0,1,1,2,1,1,3.0,Hombre,0,Secundaria,62.4,No Pobre,2471.53,1516.3,873.48,1598.05,1,1,0,0,Sin Seguro,0,211.4,126.84,46.51,25.37,12.68,0.0855,0.1323,0,0,0,0,Q5 (Más Rico)
H_013686,Lima,Urbano,0,4,0,0,0,0,0.0,Mujer,1,Secundaria,25.2,No Pobre,2455.88,3142.94,872.56,1583.32,0,0,0,0,EsSalud,0,15.23,8.37,2.28,3.05,1.52,0.0062,0.0096,0,0,0,0,Q4
H_001011,Lima,Urbano,0,3,0,0,0,0,0.0,Hombre,0,Primaria o Menos,86.9,No Pobre,1288.31,1249.21,638.23,650.08,0,0,1,0,SIS,1,48.19,34.69,4.82,5.78,2.89,0.0374,0.0741,0,0,0,1,Q4
H_008635,Lima,Urbano,0,7,1,1,0,0,0.17,Mujer,1,Secundaria,74.1,No Pobre,3314.01,3514.24,836.19,2477.83,0,0,1,0,SIS,1,100.36,72.26,10.04,12.04,6.02,0.0303,0.0405,0,0,0,0,Q4
H_007589,Loreto,Urbano,0,2,0,0,0,0,0.0,Mujer,1,Superior No Universitaria,55.6,Pobre No Extremo,545.27,772.85,318.75,226.52,0,0,1,0,SIS,1,41.54,29.91,4.15,4.98,2.49,0.0762,0.1834,0,0,0,0,Q2
H_004190,Junín,Rural,1,6,0,0,1,1,0.2,Hombre,0,Primaria o Menos,61.0,Pobre No Extremo,1412.67,1223.2,791.77,620.9,0,0,0,0,Sin Seguro,0,52.88,31.73,11.63,6.35,3.17,0.0374,0.0852,0,0,0,0,Q2
H_014954,Lima,Urbano,0,3,1,3,1,1,4.0,Hombre,0,Secundaria,98.9,No Pobre,2867.84,3637.3,877.16,1990.69,1,1,0,0,SIS,1,50.24,36.17,5.02,6.03,3.01,0.0175,0.0252,0,0,0,0,Q5 (Más Rico)
H_010529,Huánuco,Rural,1,2,0,0,1,1,1.0,Hombre,0,Secundaria,30.8,No Pobre,874.77,1129.13,546.76,328.02,0,0,1,0,Sin Seguro,0,236.28,141.77,51.98,28.35,14.18,0.2701,0.7203,1,1,1,1,Q4
H_009825,Puno,Urbano,0,5,0,0,1,2,0.67,Hombre,0,Secundaria,62.0,Pobre No Extremo,1768.99,2732.54,774.33,994.67,0,0,0,0,SIS,1,110.2,79.35,11.02,13.22,6.61,0.0623,0.1108,0,0,0,0,Q3
H_005146,Huánuco,Rural,1,7,1,2,1,1,0.75,Mujer,1,Primaria o Menos,32.5,Pobre Extremo,964.49,1038.92,592.45,372.04,1,1,1,0,SIS,1,307.97,221.74,30.8,36.96,18.48,0.3193,0.8278,1,1,1,0,Q1 (Más Pobre)
H_008938,Huánuco,Rural,1,4,0,0,0,0,0.0,Mujer,1,Secundaria,43.8,Pobre Extremo,671.69,601.18,436.19,235.5,1,1,1,0,SIS,1,58.73,42.29,5.87,7.05,3.52,0.0874,0.2494,0,0,0,0,Q1 (Más Pobre)
H_009616,Ayacucho,Rural,1,6,0,0,0,0,0.0,Mujer,1,Primaria o Menos,39.2,Pobre Extremo,599.59,792.84,394.56,205.03,0,0,0,1,Sin Seguro,0,549.13,329.48,120.81,65.9,32.95,0.9158,2.6783,1,1,1,0,Q1 (Más Pobre)
H_008701,Apurímac,Rural,1,6,0,0,0,0,0.0,Mujer,1,Primaria o Menos,71.4,Pobre Extremo,1116.03,1148.19,665.24,450.79,0,0,0,0,SIS,1,24.18,17.41,2.42,2.9,1.45,0.0217,0.0536,0,0,0,0,Q2
H_003801,Lima,Urbano,0,3,0,0,0,0,0.0,Mujer,1,Secundaria,80.9,No Pobre,3326.96,5279.64,834.28,2492.68,1,2,0,0,SIS,1,248.62,179.0,24.86,29.83,14.92,0.0747,0.0997,0,0,0,0,Q5 (Más Rico)
H_010382,Junín,Urbano,0,9,0,0,1,1,0.12,Hombre,0,Secundaria,24.4,Pobre Extremo,1714.06,1894.64,761.58,952.48,0,0,0,0,SIS,1,50.58,36.42,5.06,6.07,3.04,0.0295,0.0531,0,0,0,0,Q2
H_003746,Lima,Urbano,0,2,0,0,0,0,0.0,Hombre,0,Superior No Universitaria,53.1,No Pobre,2047.4,1310.98,827.79,1219.61,1,1,0,1,EsSalud,0,185.16,101.84,27.77,37.03,18.52,0.0904,0.1518,0,0,0,0,Q5 (Más Rico)
H_009074,Puno,Rural,1,7,1,2,0,0,0.4,Mujer,1,Primaria o Menos,39.3,Pobre Extremo,893.58,945.08,556.5,337.09,0,0,0,1,Sin Seguro,0,170.27,102.16,37.46,20.43,10.22,0.1905,0.5051,1,0,1,0,Q1 (Más Pobre)
H_011362,Cajamarca,Urbano,0,4,0,0,1,1,0.33,Hombre,0,Superior Universitaria,61.5,No Pobre,1689.72,2629.04,755.7,934.02,0,0,0,1,SIS,1,286.38,206.19,28.64,34.37,17.18,0.1695,0.3066,1,0,0,1,Q3
H_008049,Ayacucho,Urbano,0,9,0,0,0,0,0.0,Hombre,0,Superior Universitaria,66.3,Pobre Extremo,1379.39,1306.65,668.28,711.11,0,0,0,0,SIS,1,25.95,18.69,2.6,3.11,1.56,0.0188,0.0365,0,0,0,0,Q1 (Más Pobre)
